<?xml version="1.0" encoding="UTF-8" standalone="no"?>
<feature id="org.wso2.carbon.siddhi.error.handler.core" label="WSO2 Streaming Integrator - Siddhi Error Handler Feature" provider-name="%providerName" version="3.0.69">
  <description>This feature contains the bundles related to Siddhi Error Handler</description>
  <copyright>%copyright</copyright>
  <license url="%licenseURL">%license</license>
  <plugin id="org.apache.ws.commons.axiom.axiom-api" unpack="false" version="1.4.0"/>
  <plugin id="jaxen" unpack="false" version="1.1.6"/>
  <plugin id="commons-io" unpack="false" version="2.11.0.wso2v1"/>
  <plugin id="encoder" unpack="false" version="1.2.0.wso2v2"/>
  <plugin id="org.wso2.carbon.siddhi.error.handler.core" unpack="false" version="3.0.69"/>
  <plugin id="org.apache.ws.commons.axiom.axiom-impl" unpack="false" version="1.4.0"/>
  <require/>
</feature>
