<?xml version="1.0" encoding="UTF-8" standalone="no"?>
<feature id="org.wso2.carbon.cluster.coordinator.rdbms" label="WSO2-cluster-coordinator-rdbms-feature" provider-name="%providerName" version="2.1.9">
  <description>WSO2 is an open source application development software company focused on providing service-oriented
        architecture solutions for professional developers.</description>
  <copyright>%copyright</copyright>
  <license url="%licenseURL">%license</license>
  <plugin id="org.wso2.carbon.cluster.coordinator.rdbms" unpack="false" version="2.1.9"/>
  <plugin id="com.google.guava" unpack="false" version="31.1.0.jre"/>
  <require/>
</feature>
