<?xml version="1.0" encoding="UTF-8" standalone="no"?>
<feature id="org.wso2.carbon.databridge" label="WSO2 Carbon Databridge Feature" provider-name="%providerName" version="6.1.66">
  <description>This aggregated feature contains the all bundles related to databridge</description>
  <copyright>%copyright</copyright>
  <license url="%licenseURL">%license</license>
  <plugin id="libthrift" unpack="false" version="0.16.0.wso2v1"/>
  <plugin id="commons-pool" unpack="false" version="1.5.6.wso2v1"/>
  <plugin id="org.wso2.carbon.databridge.receiver.binary" unpack="false" version="6.1.66"/>
  <plugin id="disruptor" unpack="false" version="3.4.2.wso2v1"/>
  <plugin id="org.wso2.carbon.databridge.core" unpack="false" version="6.1.66"/>
  <plugin id="commons-io" unpack="false" version="2.11.0.wso2v1"/>
  <plugin id="org.wso2.carbon.databridge.commons" unpack="false" version="6.1.66"/>
  <plugin id="org.wso2.carbon.databridge.receiver.thrift" unpack="false" version="6.1.66"/>
  <plugin id="json" unpack="false" version="3.0.0.wso2v1"/>
  <plugin id="com.google.guava.failureaccess" unpack="false" version="1.0.1"/>
  <plugin id="org.wso2.carbon.databridge.commons.thrift" unpack="false" version="6.1.66"/>
  <plugin id="com.google.gson" unpack="false" version="2.9.1"/>
  <plugin id="com.google.guava" unpack="false" version="31.1.0.jre"/>
  <plugin id="org.wso2.carbon.databridge.agent" unpack="false" version="6.1.66"/>
  <plugin id="org.yaml.snakeyaml" unpack="false" version="1.33.0"/>
  <plugin id="org.wso2.carbon.databridge.commons.binary" unpack="false" version="6.1.66"/>
  <require/>
</feature>
