<?xml version="1.0" encoding="UTF-8" standalone="no"?>
<feature id="org.wso2.carbon.analytics.permissions" label="WSO2 Carbon - Permission Provider Feature" provider-name="%providerName" version="6.1.66">
  <description>This feature contains the bundles related to common permission provider.</description>
  <copyright>%copyright</copyright>
  <license url="%licenseURL">%license</license>
  <plugin id="org.wso2.carbon.analytics.permissions" unpack="false" version="6.1.66"/>
  <require/>
</feature>
