<?xml version="1.0" encoding="UTF-8"?>
<config date="1677829411674" transient="false">
	<site updateable="true" url="file:../lib/" enabled="true" policy="USER-EXCLUDE">
		<feature id="org.wso2.carbon.siddhi.error.handler.core" version="3.0.69" url="features/org.wso2.carbon.siddhi.error.handler.core_3.0.69/">
		</feature>
		<feature id="org.wso2.carbon.touchpoint" version="1.1.1" url="features/org.wso2.carbon.touchpoint_1.1.1/">
		</feature>
		<feature id="org.wso2.carbon.caching" version="1.1.3" url="features/org.wso2.carbon.caching_1.1.3/">
		</feature>
		<feature id="org.wso2.carbon.databridge.commons" version="6.1.66" url="features/org.wso2.carbon.databridge.commons_6.1.66/">
		</feature>
		<feature id="org.wso2.carbon.datasource.core" version="1.1.14" url="features/org.wso2.carbon.datasource.core_1.1.14/">
		</feature>
		<feature id="org.wso2.carbon.secvault.tools" version="5.0.18" url="features/org.wso2.carbon.secvault.tools_5.0.18/">
		</feature>
		<feature id="org.wso2.carbon.cluster.coordinator.service" version="2.1.9" url="features/org.wso2.carbon.cluster.coordinator.service_2.1.9/">
		</feature>
		<feature id="org.wso2.carbon.streaming.integrator.core" version="3.0.69" url="features/org.wso2.carbon.streaming.integrator.core_3.0.69/">
		</feature>
		<feature id="org.wso2.carbon.cluster.coordinator.commons" version="2.1.9" url="features/org.wso2.carbon.cluster.coordinator.commons_2.1.9/">
		</feature>
		<feature id="org.wso2.siddhi" version="3.0.69" url="features/org.wso2.siddhi_3.0.69/">
		</feature>
		<feature id="org.wso2.carbon.deployment.engine" version="5.2.2" url="features/org.wso2.carbon.deployment.engine_5.2.2/">
		</feature>
		<feature id="org.wso2.carbon.cluster.coordinator.rdbms" version="2.1.9" url="features/org.wso2.carbon.cluster.coordinator.rdbms_2.1.9/">
		</feature>
		<feature id="org.wso2.carbon.metrics.das.core" version="2.3.18" url="features/org.wso2.carbon.metrics.das.core_2.3.18/">
		</feature>
		<feature id="org.wso2.carbon.databridge.commons.thrift" version="6.1.66" url="features/org.wso2.carbon.databridge.commons.thrift_6.1.66/">
		</feature>
		<feature id="org.wso2.msf4j" version="2.8.11" url="features/org.wso2.msf4j_2.8.11/">
		</feature>
		<feature id="org.wso2.carbon.secvault" version="5.0.18" url="features/org.wso2.carbon.secvault_5.0.18/">
		</feature>
		<feature id="org.wso2.carbon.metrics.jdbc.core" version="2.3.18" url="features/org.wso2.carbon.metrics.jdbc.core_2.3.18/">
		</feature>
		<feature id="org.wso2.carbon.server" version="5.3.0" url="features/org.wso2.carbon.server_5.3.0/">
		</feature>
		<feature id="org.wso2.carbon.utils" version="2.1.1" url="features/org.wso2.carbon.utils_2.1.1/">
		</feature>
		<feature id="org.wso2.carbon.siddhi.extensions.installer.core" version="3.0.69" url="features/org.wso2.carbon.siddhi.extensions.installer.core_3.0.69/">
		</feature>
		<feature id="org.wso2.siddhi.parser.service" version="3.0.69" url="features/org.wso2.siddhi.parser.service_3.0.69/">
		</feature>
		<feature id="org.wso2.carbon.si.coordination.listener" version="3.0.69" url="features/org.wso2.carbon.si.coordination.listener_3.0.69/">
		</feature>
		<feature id="org.wso2.carbon.permissions.rest.api" version="3.0.69" url="features/org.wso2.carbon.permissions.rest.api_3.0.69/">
		</feature>
		<feature id="org.wso2.carbon.siddhi.store.api.rest" version="3.0.69" url="features/org.wso2.carbon.siddhi.store.api.rest_3.0.69/">
		</feature>
		<feature id="org.wso2.carbon.config" version="2.1.16" url="features/org.wso2.carbon.config_2.1.16/">
		</feature>
		<feature id="org.wso2.carbon.analytics.idp.client" version="6.1.66" url="features/org.wso2.carbon.analytics.idp.client_6.1.66/">
		</feature>
		<feature id="org.wso2.carbon.deployment.notifier" version="5.2.2" url="features/org.wso2.carbon.deployment.notifier_5.2.2/">
		</feature>
		<feature id="org.wso2.carbon.runtime" version="5.3.0" url="features/org.wso2.carbon.runtime_5.3.0/">
		</feature>
		<feature id="org.wso2.carbon.metrics.core" version="2.3.18" url="features/org.wso2.carbon.metrics.core_2.3.18/">
		</feature>
		<feature id="org.wso2.carbon.jndi" version="1.0.5" url="features/org.wso2.carbon.jndi_1.0.5/">
		</feature>
		<feature id="org.wso2.carbon.analytics.permissions" version="6.1.66" url="features/org.wso2.carbon.analytics.permissions_6.1.66/">
		</feature>
		<feature id="org.wso2.carbon.osgi" version="5.3.0" url="features/org.wso2.carbon.osgi_5.3.0/">
		</feature>
		<feature id="org.wso2.carbon.streaming.integrator.statistics" version="3.0.69" url="features/org.wso2.carbon.streaming.integrator.statistics_3.0.69/">
		</feature>
		<feature id="org.wso2.carbon.si.metrics.core" version="3.0.69" url="features/org.wso2.carbon.si.metrics.core_3.0.69/">
		</feature>
		<feature id="org.wso2.carbon.databridge.agent" version="6.1.66" url="features/org.wso2.carbon.databridge.agent_6.1.66/">
		</feature>
		<feature id="org.wso2.carbon.streaming.integrator.common" version="3.0.69" url="features/org.wso2.carbon.streaming.integrator.common_3.0.69/">
		</feature>
		<feature id="org.wso2.carbon.health.check.core" version="3.0.69" url="features/org.wso2.carbon.health.check.core_3.0.69/">
		</feature>
		<feature id="org.wso2.carbon.analytics.msf4j.interceptor.common" version="3.0.69" url="features/org.wso2.carbon.analytics.msf4j.interceptor.common_3.0.69/">
		</feature>
		<feature id="org.wso2.carbon.databridge" version="6.1.66" url="features/org.wso2.carbon.databridge_6.1.66/">
		</feature>
	</site>
</config>
