<?xml version="1.0" encoding="UTF-8" standalone="no"?>
<feature id="org.wso2.carbon.metrics.das.core" label="WSO2 Carbon Metrics DAS Core Feature" provider-name="%providerName" version="2.3.18">
  <description>This feature contains the core bundles required by the Metrics DAS Reporter</description>
  <copyright>%copyright</copyright>
  <license url="%licenseURL">%license</license>
  <plugin id="org.wso2.carbon.metrics.das.reporter" unpack="false" version="2.3.18"/>
  <plugin id="libthrift" unpack="false" version="0.9.2.wso2v1"/>
  <plugin id="commons-pool" unpack="false" version="1.5.6.wso2v1"/>
  <plugin id="disruptor" unpack="false" version="3.4.2.wso2v1"/>
  <plugin id="json" unpack="false" version="3.0.0.wso2v1"/>
  <plugin id="com.google.gson" unpack="false" version="2.9.1"/>
  <plugin id="commons-io" unpack="false" version="2.11.0.wso2v1"/>
  <plugin id="org.wso2.carbon.metrics.das.core" unpack="false" version="2.3.18"/>
  <require>
    <import feature="org.wso2.carbon.databridge.commons" match="compatible" version="6.1.63"/>
    <import feature="org.wso2.carbon.metrics.core" match="compatible" version="2.3.18"/>
    <import feature="org.wso2.carbon.databridge.commons.thrift" match="compatible" version="6.1.63"/>
    <import feature="org.wso2.carbon.databridge.agent" match="compatible" version="6.1.63"/>
  </require>
</feature>
