<?xml version="1.0" encoding="UTF-8"?>
<!--
  ~ Copyright (c) 2017, WSO2 Inc. (http://www.wso2.org) All Rights Reserved.
  ~
  ~ WSO2 Inc. licenses this file to you under the Apache License,
  ~ Version 2.0 (the "License"); you may not use this file except
  ~ in compliance with the License.
  ~ You may obtain a copy of the License at
  ~
  ~     http://www.apache.org/licenses/LICENSE-2.0
  ~
  ~ Unless required by applicable law or agreed to in writing,
  ~ software distributed under the License is distributed on an
  ~ "AS IS" BASIS, WITHOUT WARRANTIES OR CONDITIONS OF ANY
  ~ KIND, either express or implied. See the License for the
  ~ specific language governing permissions and limitations
  ~ under the License.
  -->

<Configuration>
    <Appenders>
        <Console name="CARBON_CONSOLE" target="SYSTEM_OUT">
            <PatternLayout pattern="[%d] %5p {%c} - %m%ex%n"/>
        </Console>
        <RollingFile name="CARBON_LOGFILE" fileName="${sys:wso2.runtime.path}/logs/carbon.log"
                     filePattern="${sys:wso2.runtime.path}/logs/carbon-%d{MM-dd-yyyy}.log">
            <PatternLayout pattern="[%d] %5p {%c} - %m%ex%n"/>
            <Policies>
                <TimeBasedTriggeringPolicy/>
            </Policies>
        </RollingFile>
        <RollingFile name="AUDIT_LOGFILE" fileName="${sys:wso2.runtime.path}/logs/audit.log"
                     filePattern="${sys:wso2.runtime.path}/logs/audit-%d{MM-dd-yyyy}.log">
            <PatternLayout pattern="[%d] %5p %X %m%ex%n"/>
            <Policies>
                <TimeBasedTriggeringPolicy/>
            </Policies>
        </RollingFile>
    </Appenders>
    <Loggers>
        <Logger name="AUDIT_LOG" level="info" additivity="false">
            <AppenderRef ref="AUDIT_LOGFILE"/>
        </Logger>
        <Logger name="com.zaxxer.hikari" level="error"/>
	<Root level="info">
            <AppenderRef ref="CARBON_CONSOLE"/>
            <AppenderRef ref="CARBON_LOGFILE"/>
        </Root>
    </Loggers>
</Configuration>
