<?xml version="1.0" encoding="UTF-8" standalone="no"?>
<feature id="org.wso2.carbon.siddhi.store.api.rest" label="WSO2 Streaming Integrator - Siddhi Store Query REST API Feature" provider-name="%providerName" version="3.0.69">
  <description>This feature contains the bundles related to Siddhi Store REST API</description>
  <copyright>%copyright</copyright>
  <license url="%licenseURL">%license</license>
  <plugin id="org.wso2.carbon.siddhi.store.api.rest" unpack="false" version="3.0.69"/>
  <require/>
</feature>
