<?xml version="1.0" encoding="UTF-8" standalone="no"?>
<feature id="org.wso2.carbon.cluster.coordinator.service" label="WSO2-cluster-coordinator-commons-feature" provider-name="%providerName" version="2.1.9">
  <description>WSO2 is an open source application development software company focused on providing service-oriented
        architecture solutions for professional developers.</description>
  <copyright>%copyright</copyright>
  <license url="%licenseURL">%license</license>
  <plugin id="org.wso2.carbon.cluster.coordinator.service" unpack="false" version="2.1.9"/>
  <require/>
</feature>
