<?xml version="1.0" encoding="UTF-8" standalone="no"?>
<feature id="org.wso2.carbon.si.metrics.core" label="WSO2 Carbon - Siddhi Metrics Core" provider-name="%providerName" version="3.0.69">
  <description>WSO2 is an open source application development software company focused on providing service-oriented
        architecture solutions for professional developers.</description>
  <copyright>%copyright</copyright>
  <license url="%licenseURL">%license</license>
  <plugin id="org.wso2.carbon.si.metrics.core" unpack="false" version="3.0.69"/>
  <require/>
</feature>
