<?xml version="1.0" encoding="UTF-8" standalone="no"?>
<feature id="org.wso2.carbon.analytics.idp.client" label="WSO2 Stream Processor - IdP Client Feature" provider-name="%providerName" version="6.1.66">
  <description>This feature contains the bundles related to Micro services Interceptor</description>
  <copyright>%copyright</copyright>
  <license url="%licenseURL">%license</license>
  <plugin id="org.wso2.carbon.analytics.idp.client" unpack="false" version="6.1.66"/>
  <require/>
</feature>
