<?xml version='1.0' encoding='UTF-8'?>
<?artifactRepository version='1.1.0'?>
<repository name='Bundle pool' type='org.eclipse.equinox.p2.artifact.repository.simpleRepository' version='1.0.0'>
  <properties size='2'>
    <property name='p2.system' value='true'/>
    <property name='p2.timestamp' value='1677829397403'/>
  </properties>
  <mappings size='3'>
    <rule filter='(&amp; (classifier=osgi.bundle))' output='${repoUrl}/plugins/${id}_${version}.jar'/>
    <rule filter='(&amp; (classifier=binary))' output='${repoUrl}/binary/${id}_${version}'/>
    <rule filter='(&amp; (classifier=org.eclipse.update.feature))' output='${repoUrl}/features/${id}_${version}.jar'/>
  </mappings>
  <artifacts size='177'>
    <artifact classifier='org.eclipse.update.feature' id='org.wso2.carbon.siddhi.store.api.rest' version='3.0.69'>
      <properties size='1'>
        <property name='download.size' value='14138'/>
      </properties>
      <repositoryProperties size='1'>
        <property name='artifact.folder' value='true'/>
      </repositoryProperties>
    </artifact>
    <artifact classifier='osgi.bundle' id='org.eclipse.equinox.launcher.gtk.linux.x86' version='1.1.400.v20160518-1444'>
      <properties size='1'>
        <property name='download.size' value='80536'/>
      </properties>
      <repositoryProperties size='1'>
        <property name='artifact.folder' value='true'/>
      </repositoryProperties>
    </artifact>
    <artifact classifier='osgi.bundle' id='org.wso2.transport.http.netty' version='6.3.24'>
      <properties size='1'>
        <property name='download.size' value='805894'/>
      </properties>
    </artifact>
    <artifact classifier='osgi.bundle' id='javax.validation.api' version='1.1.0.Final'>
      <properties size='1'>
        <property name='download.size' value='63777'/>
      </properties>
    </artifact>
    <artifact classifier='osgi.bundle' id='io.swagger.models' version='1.6.7'>
      <properties size='1'>
        <property name='download.size' value='158262'/>
      </properties>
    </artifact>
    <artifact classifier='osgi.bundle' id='org.wso2.carbon.database.query.manager' version='6.1.66'>
      <properties size='1'>
        <property name='download.size' value='13370'/>
      </properties>
    </artifact>
    <artifact classifier='osgi.bundle' id='org.wso2.carbon.databridge.commons.thrift' version='6.1.66'>
      <properties size='1'>
        <property name='download.size' value='537030'/>
      </properties>
    </artifact>
    <artifact classifier='osgi.bundle' id='org.wso2.carbon.messaging' version='3.0.2'>
      <properties size='1'>
        <property name='download.size' value='44783'/>
      </properties>
    </artifact>
    <artifact classifier='osgi.bundle' id='siddhi-query-compiler' version='5.1.28'>
      <properties size='1'>
        <property name='download.size' value='298911'/>
      </properties>
    </artifact>
    <artifact classifier='osgi.bundle' id='org.eclipse.osgi' version='3.14.0.v20190517-1309'>
      <properties size='1'>
        <property name='download.size' value='1450432'/>
      </properties>
    </artifact>
    <artifact classifier='osgi.bundle' id='com.google.gson' version='2.9.1'>
      <properties size='1'>
        <property name='download.size' value='265030'/>
      </properties>
    </artifact>
    <artifact classifier='osgi.bundle' id='org.wso2.carbon.caching' version='1.1.3'>
      <properties size='1'>
        <property name='download.size' value='123899'/>
      </properties>
    </artifact>
    <artifact classifier='osgi.bundle' id='org.wso2.carbon.extensions.touchpoint' version='1.1.1'>
      <properties size='1'>
        <property name='download.size' value='16534'/>
      </properties>
    </artifact>
    <artifact classifier='osgi.bundle' id='msf4j-analytics' version='2.8.11'>
      <properties size='1'>
        <property name='download.size' value='56414'/>
      </properties>
    </artifact>
    <artifact classifier='osgi.bundle' id='io.dropwizard.metrics.core' version='3.2.5'>
      <properties size='1'>
        <property name='download.size' value='136325'/>
      </properties>
    </artifact>
    <artifact classifier='osgi.bundle' id='json' version='3.0.0.wso2v1'>
      <properties size='1'>
        <property name='download.size' value='65492'/>
      </properties>
    </artifact>
    <artifact classifier='osgi.bundle' id='org.eclipse.equinox.frameworkadmin.equinox' version='1.0.700.v20160102-2223'>
      <properties size='1'>
        <property name='download.size' value='64629'/>
      </properties>
    </artifact>
    <artifact classifier='osgi.bundle' id='org.wso2.carbon.siddhi.error.handler.core' version='3.0.69'>
      <properties size='1'>
        <property name='download.size' value='34697'/>
      </properties>
    </artifact>
    <artifact classifier='osgi.bundle' id='org.wso2.carbon.config' version='2.1.16'>
      <properties size='1'>
        <property name='download.size' value='144577'/>
      </properties>
    </artifact>
    <artifact classifier='org.eclipse.update.feature' id='org.wso2.carbon.databridge.commons' version='6.1.66'>
      <properties size='1'>
        <property name='download.size' value='10057'/>
      </properties>
      <repositoryProperties size='1'>
        <property name='artifact.folder' value='true'/>
      </repositoryProperties>
    </artifact>
    <artifact classifier='osgi.bundle' id='org.apache.james.apache-mime4j-core' version='0.8.1'>
      <properties size='1'>
        <property name='download.size' value='103595'/>
      </properties>
    </artifact>
    <artifact classifier='osgi.bundle' id='commons-pool' version='1.5.6.wso2v1'>
      <properties size='1'>
        <property name='download.size' value='95794'/>
      </properties>
    </artifact>
    <artifact classifier='osgi.bundle' id='siddhi-query-api' version='5.1.28'>
      <properties size='1'>
        <property name='download.size' value='153686'/>
      </properties>
    </artifact>
    <artifact classifier='org.eclipse.update.feature' id='org.wso2.carbon.caching' version='1.1.3'>
      <properties size='1'>
        <property name='download.size' value='9678'/>
      </properties>
      <repositoryProperties size='1'>
        <property name='artifact.folder' value='true'/>
      </repositoryProperties>
    </artifact>
    <artifact classifier='osgi.bundle' id='io.netty.tcnative-classes' version='2.0.54.Final'>
      <properties size='1'>
        <property name='download.size' value='35022'/>
      </properties>
    </artifact>
    <artifact classifier='osgi.bundle' id='org.eclipse.equinox.cm' version='1.1.200.v20160324-1850'>
      <properties size='1'>
        <property name='download.size' value='73964'/>
      </properties>
    </artifact>
    <artifact classifier='osgi.bundle' id='io.swagger.annotations' version='1.6.7'>
      <properties size='1'>
        <property name='download.size' value='21784'/>
      </properties>
    </artifact>
    <artifact classifier='osgi.bundle' id='org.wso2.carbon.cluster.coordinator.service' version='2.1.9'>
      <properties size='1'>
        <property name='download.size' value='13563'/>
      </properties>
    </artifact>
    <artifact classifier='osgi.bundle' id='org.wso2.carbon.siddhi.store.api.rest' version='3.0.69'>
      <properties size='1'>
        <property name='download.size' value='35799'/>
      </properties>
    </artifact>
    <artifact classifier='org.eclipse.update.feature' id='org.wso2.carbon.analytics.idp.client' version='6.1.66'>
      <properties size='1'>
        <property name='download.size' value='11443'/>
      </properties>
      <repositoryProperties size='1'>
        <property name='artifact.folder' value='true'/>
      </repositoryProperties>
    </artifact>
    <artifact classifier='osgi.bundle' id='commons-io' version='2.11.0.wso2v1'>
      <properties size='1'>
        <property name='download.size' value='323080'/>
      </properties>
    </artifact>
    <artifact classifier='osgi.bundle' id='org.apache.geronimo.specs.geronimo-activation_1.1_spec' version='1.1.0'>
      <properties size='1'>
        <property name='download.size' value='47465'/>
      </properties>
    </artifact>
    <artifact classifier='osgi.bundle' id='org.wso2.carbon.databridge.commons' version='6.1.66'>
      <properties size='1'>
        <property name='download.size' value='38987'/>
      </properties>
    </artifact>
    <artifact classifier='org.eclipse.update.feature' id='org.wso2.carbon.streaming.integrator.statistics' version='3.0.69'>
      <properties size='1'>
        <property name='download.size' value='12687'/>
      </properties>
      <repositoryProperties size='1'>
        <property name='artifact.folder' value='true'/>
      </repositoryProperties>
    </artifact>
    <artifact classifier='osgi.bundle' id='org.wso2.orbit.sun.xml.bind.jaxb' version='2.3.2.wso2v1'>
      <properties size='1'>
        <property name='download.size' value='2883554'/>
      </properties>
    </artifact>
    <artifact classifier='osgi.bundle' id='org.wso2.siddhi.parser' version='3.0.69'>
      <properties size='1'>
        <property name='download.size' value='60418'/>
      </properties>
    </artifact>
    <artifact classifier='org.eclipse.update.feature' id='org.wso2.carbon.streaming.integrator.common' version='3.0.69'>
      <properties size='1'>
        <property name='download.size' value='13244'/>
      </properties>
      <repositoryProperties size='1'>
        <property name='artifact.folder' value='true'/>
      </repositoryProperties>
    </artifact>
    <artifact classifier='osgi.bundle' id='org.apache.ws.commons.axiom.axiom-impl' version='1.4.0'>
      <properties size='1'>
        <property name='download.size' value='546023'/>
      </properties>
    </artifact>
    <artifact classifier='osgi.bundle' id='com.h2database' version='2.1.214'>
      <properties size='1'>
        <property name='download.size' value='2543012'/>
      </properties>
    </artifact>
    <artifact classifier='osgi.bundle' id='io.netty.codec-http' version='4.1.86.Final'>
      <properties size='1'>
        <property name='download.size' value='651016'/>
      </properties>
    </artifact>
    <artifact classifier='osgi.bundle' id='org.wso2.carbon.si.metrics.core' version='3.0.69'>
      <properties size='1'>
        <property name='download.size' value='134253'/>
      </properties>
    </artifact>
    <artifact classifier='osgi.bundle' id='org.apache.servicemix.bundles.commons-beanutils' version='1.8.3.2'>
      <properties size='1'>
        <property name='download.size' value='253572'/>
      </properties>
    </artifact>
    <artifact classifier='osgi.bundle' id='jaxrs-delegates' version='2.8.11'>
      <properties size='1'>
        <property name='download.size' value='21290'/>
      </properties>
    </artifact>
    <artifact classifier='org.eclipse.update.feature' id='org.wso2.carbon.databridge.commons.thrift' version='6.1.66'>
      <properties size='1'>
        <property name='download.size' value='10431'/>
      </properties>
      <repositoryProperties size='1'>
        <property name='artifact.folder' value='true'/>
      </repositoryProperties>
    </artifact>
    <artifact classifier='osgi.bundle' id='org.eclipse.equinox.concurrent' version='1.1.0.v20130327-1442'>
      <properties size='1'>
        <property name='download.size' value='25385'/>
      </properties>
    </artifact>
    <artifact classifier='osgi.bundle' id='io.netty.codec' version='4.1.86.Final'>
      <properties size='1'>
        <property name='download.size' value='348123'/>
      </properties>
    </artifact>
    <artifact classifier='osgi.bundle' id='org.eclipse.equinox.simpleconfigurator.manipulator' version='2.0.200.v20160504-1450'>
      <properties size='1'>
        <property name='download.size' value='26379'/>
      </properties>
    </artifact>
    <artifact classifier='osgi.bundle' id='org.wso2.carbon.streaming.integrator.statistics' version='3.0.69'>
      <properties size='1'>
        <property name='download.size' value='58780'/>
      </properties>
    </artifact>
    <artifact classifier='osgi.bundle' id='io.swagger.jaxrs' version='1.6.7'>
      <properties size='1'>
        <property name='download.size' value='70568'/>
      </properties>
    </artifact>
    <artifact classifier='osgi.bundle' id='org.apache.felix.gogo.runtime' version='0.10.0.v201209301036'>
      <properties size='1'>
        <property name='download.size' value='80249'/>
      </properties>
    </artifact>
    <artifact classifier='osgi.bundle' id='io.netty.codec-socks' version='4.1.86.Final'>
      <properties size='1'>
        <property name='download.size' value='120680'/>
      </properties>
    </artifact>
    <artifact classifier='osgi.bundle' id='jaxen' version='1.1.6'>
      <properties size='1'>
        <property name='download.size' value='231882'/>
      </properties>
    </artifact>
    <artifact classifier='org.eclipse.update.feature' id='org.wso2.carbon.analytics.msf4j.interceptor.common' version='3.0.69'>
      <properties size='1'>
        <property name='download.size' value='13719'/>
      </properties>
      <repositoryProperties size='1'>
        <property name='artifact.folder' value='true'/>
      </repositoryProperties>
    </artifact>
    <artifact classifier='org.eclipse.update.feature' id='org.wso2.siddhi.parser.service' version='3.0.69'>
      <properties size='1'>
        <property name='download.size' value='13587'/>
      </properties>
      <repositoryProperties size='1'>
        <property name='artifact.folder' value='true'/>
      </repositoryProperties>
    </artifact>
    <artifact classifier='osgi.bundle' id='io.netty.handler-proxy' version='4.1.86.Final'>
      <properties size='1'>
        <property name='download.size' value='25396'/>
      </properties>
    </artifact>
    <artifact classifier='osgi.bundle' id='org.wso2.carbon.deployment.engine' version='5.2.2'>
      <properties size='1'>
        <property name='download.size' value='43017'/>
      </properties>
    </artifact>
    <artifact classifier='osgi.bundle' id='org.wso2.carbon.analytics.idp.client' version='6.1.66'>
      <properties size='1'>
        <property name='download.size' value='415709'/>
      </properties>
    </artifact>
    <artifact classifier='org.eclipse.update.feature' id='org.wso2.carbon.permissions.rest.api' version='3.0.69'>
      <properties size='1'>
        <property name='download.size' value='13660'/>
      </properties>
      <repositoryProperties size='1'>
        <property name='artifact.folder' value='true'/>
      </repositoryProperties>
    </artifact>
    <artifact classifier='osgi.bundle' id='com.google.guava.failureaccess' version='1.0.1'>
      <properties size='1'>
        <property name='download.size' value='4617'/>
      </properties>
    </artifact>
    <artifact classifier='osgi.bundle' id='org.wso2.carbon.secvault' version='5.0.18'>
      <properties size='1'>
        <property name='download.size' value='49170'/>
      </properties>
    </artifact>
    <artifact classifier='osgi.bundle' id='com.fasterxml.jackson.dataformat.jackson-dataformat-yaml' version='2.14.1'>
      <properties size='1'>
        <property name='download.size' value='54361'/>
      </properties>
    </artifact>
    <artifact classifier='osgi.bundle' id='com.sun.xml.bind.jaxb-impl' version='2.3.0'>
      <properties size='1'>
        <property name='download.size' value='963660'/>
      </properties>
    </artifact>
    <artifact classifier='osgi.bundle' id='org.wso2.carbon.databridge.commons.binary' version='6.1.66'>
      <properties size='1'>
        <property name='download.size' value='11243'/>
      </properties>
    </artifact>
    <artifact classifier='osgi.bundle' id='javassist' version='3.19.0.GA'>
      <properties size='1'>
        <property name='download.size' value='749499'/>
      </properties>
    </artifact>
    <artifact classifier='org.eclipse.update.feature' id='org.wso2.carbon.cluster.coordinator.service' version='2.1.9'>
      <properties size='1'>
        <property name='download.size' value='10292'/>
      </properties>
      <repositoryProperties size='1'>
        <property name='artifact.folder' value='true'/>
      </repositoryProperties>
    </artifact>
    <artifact classifier='osgi.bundle' id='javax.websocket-api' version='1.1.0'>
      <properties size='1'>
        <property name='download.size' value='36710'/>
      </properties>
    </artifact>
    <artifact classifier='org.eclipse.update.feature' id='org.wso2.carbon.secvault.tools' version='5.0.18'>
      <properties size='1'>
        <property name='download.size' value='1685398'/>
      </properties>
      <repositoryProperties size='1'>
        <property name='artifact.folder' value='true'/>
      </repositoryProperties>
    </artifact>
    <artifact classifier='osgi.bundle' id='org.apache.felix.gogo.shell' version='0.10.0.v201212101605'>
      <properties size='1'>
        <property name='download.size' value='60827'/>
      </properties>
    </artifact>
    <artifact classifier='osgi.bundle' id='org.wso2.carbon.cluster.coordinator.commons' version='2.1.9'>
      <properties size='1'>
        <property name='download.size' value='15773'/>
      </properties>
    </artifact>
    <artifact classifier='osgi.bundle' id='Saxon-HE' version='9.7.0.wso2v1'>
      <properties size='1'>
        <property name='download.size' value='3769743'/>
      </properties>
    </artifact>
    <artifact classifier='osgi.bundle' id='org.wso2.carbon.databridge.receiver.thrift' version='6.1.66'>
      <properties size='1'>
        <property name='download.size' value='40262'/>
      </properties>
    </artifact>
    <artifact classifier='osgi.bundle' id='io.swagger.core' version='1.6.7'>
      <properties size='1'>
        <property name='download.size' value='118660'/>
      </properties>
    </artifact>
    <artifact classifier='org.eclipse.update.feature' id='org.wso2.carbon.secvault' version='5.0.18'>
      <properties size='1'>
        <property name='download.size' value='29872'/>
      </properties>
      <repositoryProperties size='1'>
        <property name='artifact.folder' value='true'/>
      </repositoryProperties>
    </artifact>
    <artifact classifier='osgi.bundle' id='io.netty.buffer' version='4.1.86.Final'>
      <properties size='1'>
        <property name='download.size' value='305047'/>
      </properties>
    </artifact>
    <artifact classifier='osgi.bundle' id='javax.annotation-api' version='1.3.2'>
      <properties size='1'>
        <property name='download.size' value='26586'/>
      </properties>
    </artifact>
    <artifact classifier='org.eclipse.update.feature' id='org.wso2.carbon.cluster.coordinator.commons' version='2.1.9'>
      <properties size='1'>
        <property name='download.size' value='10222'/>
      </properties>
      <repositoryProperties size='1'>
        <property name='artifact.folder' value='true'/>
      </repositoryProperties>
    </artifact>
    <artifact classifier='osgi.bundle' id='org.eclipse.equinox.console' version='1.3.300.v20190516-1504'>
      <properties size='1'>
        <property name='download.size' value='125313'/>
      </properties>
    </artifact>
    <artifact classifier='osgi.bundle' id='org.apache.geronimo.specs.geronimo-jms_1.1_spec' version='1.1.1'>
      <properties size='1'>
        <property name='download.size' value='32359'/>
      </properties>
    </artifact>
    <artifact classifier='osgi.bundle' id='org.eclipse.equinox.util' version='1.0.500.v20130404-1337'>
      <properties size='1'>
        <property name='download.size' value='77626'/>
      </properties>
    </artifact>
    <artifact classifier='osgi.bundle' id='org.apache.commons.logging' version='1.2.0'>
      <properties size='1'>
        <property name='download.size' value='61829'/>
      </properties>
    </artifact>
    <artifact classifier='osgi.bundle' id='org.ops4j.pax.logging.pax-logging-api' version='2.1.0.wso2v3'>
      <properties size='1'>
        <property name='download.size' value='554304'/>
      </properties>
    </artifact>
    <artifact classifier='osgi.bundle' id='org.hdrhistogram.HdrHistogram' version='2.1.10'>
      <properties size='1'>
        <property name='download.size' value='117910'/>
      </properties>
    </artifact>
    <artifact classifier='osgi.bundle' id='disruptor' version='3.4.2.wso2v1'>
      <properties size='1'>
        <property name='download.size' value='86606'/>
      </properties>
    </artifact>
    <artifact classifier='org.eclipse.update.feature' id='org.wso2.carbon.deployment.engine' version='5.2.2'>
      <properties size='1'>
        <property name='download.size' value='11240'/>
      </properties>
      <repositoryProperties size='1'>
        <property name='artifact.folder' value='true'/>
      </repositoryProperties>
    </artifact>
    <artifact classifier='osgi.bundle' id='io.netty.transport' version='4.1.86.Final'>
      <properties size='1'>
        <property name='download.size' value='488341'/>
      </properties>
    </artifact>
    <artifact classifier='osgi.bundle' id='siddhi-core' version='5.1.28'>
      <properties size='1'>
        <property name='download.size' value='3537858'/>
      </properties>
    </artifact>
    <artifact classifier='osgi.bundle' id='libthrift' version='0.9.2.wso2v1'>
      <properties size='1'>
        <property name='download.size' value='227674'/>
      </properties>
    </artifact>
    <artifact classifier='osgi.bundle' id='org.yaml.snakeyaml' version='1.33.0'>
      <properties size='1'>
        <property name='download.size' value='331715'/>
      </properties>
    </artifact>
    <artifact classifier='osgi.bundle' id='org.eclipse.osgi.compatibility.state' version='1.0.200.v20160504-1419'>
      <properties size='1'>
        <property name='download.size' value='244042'/>
      </properties>
    </artifact>
    <artifact classifier='osgi.bundle' id='org.wso2.carbon.databridge.receiver.binary' version='6.1.66'>
      <properties size='1'>
        <property name='download.size' value='32557'/>
      </properties>
    </artifact>
    <artifact classifier='osgi.bundle' id='org.wso2.carbon.datasource.core' version='1.1.14'>
      <properties size='1'>
        <property name='download.size' value='45157'/>
      </properties>
    </artifact>
    <artifact classifier='osgi.bundle' id='org.wso2.carbon.metrics.core' version='2.3.18'>
      <properties size='1'>
        <property name='download.size' value='118359'/>
      </properties>
    </artifact>
    <artifact classifier='osgi.bundle' id='org.wso2.carbon.streaming.integrator.core' version='3.0.69'>
      <properties size='1'>
        <property name='download.size' value='1949583'/>
      </properties>
    </artifact>
    <artifact classifier='org.eclipse.update.feature' id='org.wso2.carbon.server' version='5.3.0'>
      <properties size='1'>
        <property name='download.size' value='539786'/>
      </properties>
      <repositoryProperties size='1'>
        <property name='artifact.folder' value='true'/>
      </repositoryProperties>
    </artifact>
    <artifact classifier='org.eclipse.update.feature' id='org.wso2.carbon.si.coordination.listener' version='3.0.69'>
      <properties size='1'>
        <property name='download.size' value='12113'/>
      </properties>
      <repositoryProperties size='1'>
        <property name='artifact.folder' value='true'/>
      </repositoryProperties>
    </artifact>
    <artifact classifier='osgi.bundle' id='org.ops4j.pax.logging.pax-logging-log4j2' version='2.1.0.wso2v3'>
      <properties size='1'>
        <property name='download.size' value='1863725'/>
      </properties>
    </artifact>
    <artifact classifier='osgi.bundle' id='org.wso2.orbit.javax.xml.bind.jaxb-api' version='2.3.1.wso2v1'>
      <properties size='1'>
        <property name='download.size' value='110243'/>
      </properties>
    </artifact>
    <artifact classifier='osgi.bundle' id='com.jayway.jsonpath.json-path' version='2.2.0'>
      <properties size='1'>
        <property name='download.size' value='207058'/>
      </properties>
    </artifact>
    <artifact classifier='osgi.bundle' id='msf4j-core' version='2.8.11'>
      <properties size='1'>
        <property name='download.size' value='249784'/>
      </properties>
    </artifact>
    <artifact classifier='org.eclipse.update.feature' id='org.wso2.carbon.databridge' version='6.1.66'>
      <properties size='1'>
        <property name='download.size' value='12241'/>
      </properties>
      <repositoryProperties size='1'>
        <property name='artifact.folder' value='true'/>
      </repositoryProperties>
    </artifact>
    <artifact classifier='osgi.bundle' id='com.fasterxml.jackson.core.jackson-databind' version='2.14.1'>
      <properties size='1'>
        <property name='download.size' value='1614940'/>
      </properties>
    </artifact>
    <artifact classifier='osgi.bundle' id='io.netty.codec-http2' version='4.1.86.Final'>
      <properties size='1'>
        <property name='download.size' value='480042'/>
      </properties>
    </artifact>
    <artifact classifier='osgi.bundle' id='io.netty.tcnative-boringssl-static' version='2.0.54.Final'>
      <properties size='1'>
        <property name='download.size' value='3245'/>
      </properties>
    </artifact>
    <artifact classifier='osgi.bundle' id='org.wso2.carbon.metrics.jdbc.reporter' version='2.3.18'>
      <properties size='1'>
        <property name='download.size' value='15636'/>
      </properties>
    </artifact>
    <artifact classifier='osgi.bundle' id='io.netty.handler' version='4.1.86.Final'>
      <properties size='1'>
        <property name='download.size' value='540539'/>
      </properties>
    </artifact>
    <artifact classifier='org.eclipse.update.feature' id='org.wso2.carbon.cluster.coordinator.rdbms' version='2.1.9'>
      <properties size='1'>
        <property name='download.size' value='10934'/>
      </properties>
      <repositoryProperties size='1'>
        <property name='artifact.folder' value='true'/>
      </repositoryProperties>
    </artifact>
    <artifact classifier='osgi.bundle' id='org.eclipse.osgi.services' version='3.4.0.v20140312-2051'>
      <properties size='1'>
        <property name='download.size' value='90380'/>
      </properties>
    </artifact>
    <artifact classifier='osgi.bundle' id='org.eclipse.equinox.preferences' version='3.6.0.v20160120-1756'>
      <properties size='1'>
        <property name='download.size' value='133106'/>
      </properties>
    </artifact>
    <artifact classifier='osgi.bundle' id='org.wso2.carbon.deployment.notifier' version='5.2.2'>
      <properties size='1'>
        <property name='download.size' value='30519'/>
      </properties>
    </artifact>
    <artifact classifier='osgi.bundle' id='org.apache.felix.gogo.command' version='0.10.0.v201209301215'>
      <properties size='1'>
        <property name='download.size' value='57646'/>
      </properties>
    </artifact>
    <artifact classifier='osgi.bundle' id='org.eclipse.equinox.frameworkadmin' version='2.0.300.v20160504-1450'>
      <properties size='1'>
        <property name='download.size' value='37428'/>
      </properties>
    </artifact>
    <artifact classifier='osgi.bundle' id='org.antlr.antlr4-runtime' version='4.11.1'>
      <properties size='1'>
        <property name='download.size' value='324039'/>
      </properties>
    </artifact>
    <artifact classifier='osgi.bundle' id='siddhi-annotations' version='5.1.28'>
      <properties size='1'>
        <property name='download.size' value='71223'/>
      </properties>
    </artifact>
    <artifact classifier='osgi.bundle' id='org.wso2.carbon.metrics.das.reporter' version='2.3.18'>
      <properties size='1'>
        <property name='download.size' value='16893'/>
      </properties>
    </artifact>
    <artifact classifier='org.eclipse.update.feature' id='org.wso2.carbon.touchpoint' version='1.1.1'>
      <properties size='1'>
        <property name='download.size' value='9405'/>
      </properties>
      <repositoryProperties size='1'>
        <property name='artifact.folder' value='true'/>
      </repositoryProperties>
    </artifact>
    <artifact classifier='osgi.bundle' id='org.eclipse.equinox.common' version='3.8.0.v20160509-1230'>
      <properties size='1'>
        <property name='download.size' value='120435'/>
      </properties>
    </artifact>
    <artifact classifier='osgi.bundle' id='org.wso2.carbon.streaming.integrator.common' version='3.0.69'>
      <properties size='1'>
        <property name='download.size' value='32613'/>
      </properties>
    </artifact>
    <artifact classifier='org.eclipse.update.feature' id='org.wso2.carbon.siddhi.extensions.installer.core' version='3.0.69'>
      <properties size='1'>
        <property name='download.size' value='18629'/>
      </properties>
      <repositoryProperties size='1'>
        <property name='artifact.folder' value='true'/>
      </repositoryProperties>
    </artifact>
    <artifact classifier='osgi.bundle' id='io.netty.transport-native-unix-common' version='4.1.86.Final'>
      <properties size='1'>
        <property name='download.size' value='43686'/>
      </properties>
    </artifact>
    <artifact classifier='osgi.bundle' id='tapestry-json' version='5.4.1.wso2v1'>
      <properties size='1'>
        <property name='download.size' value='23379'/>
      </properties>
    </artifact>
    <artifact classifier='org.eclipse.update.feature' id='org.wso2.carbon.si.metrics.core' version='3.0.69'>
      <properties size='1'>
        <property name='download.size' value='13442'/>
      </properties>
      <repositoryProperties size='1'>
        <property name='artifact.folder' value='true'/>
      </repositoryProperties>
    </artifact>
    <artifact classifier='osgi.bundle' id='org.wso2.carbon.jndi' version='1.0.5'>
      <properties size='1'>
        <property name='download.size' value='54287'/>
      </properties>
    </artifact>
    <artifact classifier='org.eclipse.update.feature' id='org.wso2.carbon.metrics.core' version='2.3.18'>
      <properties size='1'>
        <property name='download.size' value='10235'/>
      </properties>
      <repositoryProperties size='1'>
        <property name='artifact.folder' value='true'/>
      </repositoryProperties>
    </artifact>
    <artifact classifier='org.eclipse.update.feature' id='org.wso2.carbon.metrics.das.core' version='2.3.18'>
      <properties size='1'>
        <property name='download.size' value='28706'/>
      </properties>
      <repositoryProperties size='1'>
        <property name='artifact.folder' value='true'/>
      </repositoryProperties>
    </artifact>
    <artifact classifier='osgi.bundle' id='quartz' version='2.3.2.wso2v1'>
      <properties size='1'>
        <property name='download.size' value='622509'/>
      </properties>
    </artifact>
    <artifact classifier='osgi.bundle' id='org.apache.commons.lang3' version='3.3.2'>
      <properties size='1'>
        <property name='download.size' value='412739'/>
      </properties>
    </artifact>
    <artifact classifier='osgi.bundle' id='msf4j-swagger' version='2.8.11'>
      <properties size='1'>
        <property name='download.size' value='42192'/>
      </properties>
    </artifact>
    <artifact classifier='osgi.bundle' id='reflections' version='0.9.11.wso2v3'>
      <properties size='1'>
        <property name='download.size' value='132400'/>
      </properties>
    </artifact>
    <artifact classifier='osgi.bundle' id='org.wso2.carbon.metrics.das.core' version='2.3.18'>
      <properties size='1'>
        <property name='download.size' value='22256'/>
      </properties>
    </artifact>
    <artifact classifier='osgi.bundle' id='javax.ws.rs-api' version='2.0.0'>
      <properties size='1'>
        <property name='download.size' value='112758'/>
      </properties>
    </artifact>
    <artifact classifier='osgi.bundle' id='org.wso2.carbon.permissions.rest.api' version='3.0.69'>
      <properties size='1'>
        <property name='download.size' value='31115'/>
      </properties>
    </artifact>
    <artifact classifier='osgi.bundle' id='org.wso2.carbon.analytics.msf4j.interceptor.common' version='3.0.69'>
      <properties size='1'>
        <property name='download.size' value='25909'/>
      </properties>
    </artifact>
    <artifact classifier='osgi.bundle' id='libthrift' version='0.16.0.wso2v1'>
      <properties size='1'>
        <property name='download.size' value='345822'/>
      </properties>
    </artifact>
    <artifact classifier='org.eclipse.update.feature' id='org.wso2.carbon.datasource.core' version='1.1.14'>
      <properties size='1'>
        <property name='download.size' value='11322'/>
      </properties>
      <repositoryProperties size='1'>
        <property name='artifact.folder' value='true'/>
      </repositoryProperties>
    </artifact>
    <artifact classifier='org.eclipse.update.feature' id='org.wso2.carbon.osgi' version='5.3.0'>
      <properties size='1'>
        <property name='download.size' value='10840'/>
      </properties>
      <repositoryProperties size='1'>
        <property name='artifact.folder' value='true'/>
      </repositoryProperties>
    </artifact>
    <artifact classifier='org.eclipse.update.feature' id='org.wso2.carbon.runtime' version='5.3.0'>
      <properties size='1'>
        <property name='download.size' value='26687'/>
      </properties>
      <repositoryProperties size='1'>
        <property name='artifact.folder' value='true'/>
      </repositoryProperties>
    </artifact>
    <artifact classifier='osgi.bundle' id='org.apache.commons.lang3' version='3.4.0'>
      <properties size='1'>
        <property name='download.size' value='434678'/>
      </properties>
    </artifact>
    <artifact classifier='org.eclipse.update.feature' id='org.wso2.siddhi' version='3.0.69'>
      <properties size='1'>
        <property name='download.size' value='394953'/>
      </properties>
      <repositoryProperties size='1'>
        <property name='artifact.folder' value='true'/>
      </repositoryProperties>
    </artifact>
    <artifact classifier='osgi.bundle' id='org.wso2.carbon.analytics.permissions' version='6.1.66'>
      <properties size='1'>
        <property name='download.size' value='37838'/>
      </properties>
    </artifact>
    <artifact classifier='org.eclipse.update.feature' id='org.wso2.carbon.siddhi.error.handler.core' version='3.0.69'>
      <properties size='1'>
        <property name='download.size' value='13343'/>
      </properties>
      <repositoryProperties size='1'>
        <property name='artifact.folder' value='true'/>
      </repositoryProperties>
    </artifact>
    <artifact classifier='osgi.bundle' id='javax.servlet-api' version='3.1.0'>
      <properties size='1'>
        <property name='download.size' value='95806'/>
      </properties>
    </artifact>
    <artifact classifier='osgi.bundle' id='com.google.guava' version='31.1.0.jre'>
      <properties size='1'>
        <property name='download.size' value='2959479'/>
      </properties>
    </artifact>
    <artifact classifier='osgi.bundle' id='io.netty.resolver' version='4.1.86.Final'>
      <properties size='1'>
        <property name='download.size' value='37774'/>
      </properties>
    </artifact>
    <artifact classifier='osgi.bundle' id='org.apache.ws.commons.axiom.axiom-api' version='1.4.0'>
      <properties size='1'>
        <property name='download.size' value='307517'/>
      </properties>
    </artifact>
    <artifact classifier='org.eclipse.update.feature' id='org.wso2.carbon.databridge.agent' version='6.1.66'>
      <properties size='1'>
        <property name='download.size' value='11460'/>
      </properties>
      <repositoryProperties size='1'>
        <property name='artifact.folder' value='true'/>
      </repositoryProperties>
    </artifact>
    <artifact classifier='org.eclipse.update.feature' id='org.wso2.carbon.streaming.integrator.core' version='3.0.69'>
      <properties size='1'>
        <property name='download.size' value='397253'/>
      </properties>
      <repositoryProperties size='1'>
        <property name='artifact.folder' value='true'/>
      </repositoryProperties>
    </artifact>
    <artifact classifier='osgi.bundle' id='org.wso2.orbit.xml-apis.xml-apis' version='1.4.1.wso2v1'>
      <properties size='1'>
        <property name='download.size' value='217551'/>
      </properties>
    </artifact>
    <artifact classifier='org.eclipse.update.feature' id='org.wso2.carbon.utils' version='2.1.1'>
      <properties size='1'>
        <property name='download.size' value='9262'/>
      </properties>
      <repositoryProperties size='1'>
        <property name='artifact.folder' value='true'/>
      </repositoryProperties>
    </artifact>
    <artifact classifier='osgi.bundle' id='org.wso2.carbon.si.coordination.listener' version='3.0.69'>
      <properties size='1'>
        <property name='download.size' value='19532'/>
      </properties>
    </artifact>
    <artifact classifier='osgi.bundle' id='okio' version='1.13.0.wso2v1'>
      <properties size='1'>
        <property name='download.size' value='83480'/>
      </properties>
    </artifact>
    <artifact classifier='org.eclipse.update.feature' id='org.wso2.carbon.jndi' version='1.0.5'>
      <properties size='1'>
        <property name='download.size' value='9315'/>
      </properties>
      <repositoryProperties size='1'>
        <property name='artifact.folder' value='true'/>
      </repositoryProperties>
    </artifact>
    <artifact classifier='osgi.bundle' id='encoder' version='1.2.0.wso2v2'>
      <properties size='1'>
        <property name='download.size' value='47773'/>
      </properties>
    </artifact>
    <artifact classifier='osgi.bundle' id='com.fasterxml.jackson.core.jackson-annotations' version='2.14.1'>
      <properties size='1'>
        <property name='download.size' value='76090'/>
      </properties>
    </artifact>
    <artifact classifier='osgi.bundle' id='org.wso2.carbon.metrics.jdbc.core' version='2.3.18'>
      <properties size='1'>
        <property name='download.size' value='26107'/>
      </properties>
    </artifact>
    <artifact classifier='osgi.bundle' id='okhttp' version='3.8.0.wso2v2'>
      <properties size='1'>
        <property name='download.size' value='368624'/>
      </properties>
    </artifact>
    <artifact classifier='osgi.bundle' id='com.zaxxer.HikariCP' version='3.3.1'>
      <properties size='1'>
        <property name='download.size' value='139168'/>
      </properties>
    </artifact>
    <artifact classifier='org.eclipse.update.feature' id='org.wso2.carbon.metrics.jdbc.core' version='2.3.18'>
      <properties size='1'>
        <property name='download.size' value='19196'/>
      </properties>
      <repositoryProperties size='1'>
        <property name='artifact.folder' value='true'/>
      </repositoryProperties>
    </artifact>
    <artifact classifier='osgi.bundle' id='io.dropwizard.metrics.jvm' version='3.2.5'>
      <properties size='1'>
        <property name='download.size' value='40185'/>
      </properties>
    </artifact>
    <artifact classifier='osgi.bundle' id='org.eclipse.equinox.ds' version='1.4.400.v20160226-2036'>
      <properties size='1'>
        <property name='download.size' value='196894'/>
      </properties>
    </artifact>
    <artifact classifier='osgi.bundle' id='org.wso2.carbon.health.check.core' version='3.0.69'>
      <properties size='1'>
        <property name='download.size' value='23903'/>
      </properties>
    </artifact>
    <artifact classifier='osgi.bundle' id='org.wso2.carbon.databridge.core' version='6.1.66'>
      <properties size='1'>
        <property name='download.size' value='75662'/>
      </properties>
    </artifact>
    <artifact classifier='osgi.bundle' id='org.wso2.carbon.core' version='5.3.0'>
      <properties size='1'>
        <property name='download.size' value='101036'/>
      </properties>
    </artifact>
    <artifact classifier='osgi.bundle' id='org.wso2.carbon.databridge.agent' version='6.1.66'>
      <properties size='1'>
        <property name='download.size' value='110082'/>
      </properties>
    </artifact>
    <artifact classifier='osgi.bundle' id='org.wso2.carbon.utils' version='2.1.1'>
      <properties size='1'>
        <property name='download.size' value='21361'/>
      </properties>
    </artifact>
    <artifact classifier='org.eclipse.update.feature' id='org.wso2.msf4j' version='2.8.11'>
      <properties size='1'>
        <property name='download.size' value='14374'/>
      </properties>
      <repositoryProperties size='1'>
        <property name='artifact.folder' value='true'/>
      </repositoryProperties>
    </artifact>
    <artifact classifier='osgi.bundle' id='org.apache.logging.log4j.slf4j-impl' version='2.17.1'>
      <properties size='1'>
        <property name='download.size' value='24279'/>
      </properties>
    </artifact>
    <artifact classifier='osgi.bundle' id='com.fasterxml.jackson.core.jackson-core' version='2.14.1'>
      <properties size='1'>
        <property name='download.size' value='459267'/>
      </properties>
    </artifact>
    <artifact classifier='osgi.bundle' id='org.eclipse.osgi.services' version='3.5.100.v20160504-1419'>
      <properties size='1'>
        <property name='download.size' value='111152'/>
      </properties>
    </artifact>
    <artifact classifier='org.eclipse.update.feature' id='org.wso2.carbon.deployment.notifier' version='5.2.2'>
      <properties size='1'>
        <property name='download.size' value='9863'/>
      </properties>
      <repositoryProperties size='1'>
        <property name='artifact.folder' value='true'/>
      </repositoryProperties>
    </artifact>
    <artifact classifier='org.eclipse.update.feature' id='org.wso2.carbon.health.check.core' version='3.0.69'>
      <properties size='1'>
        <property name='download.size' value='12590'/>
      </properties>
      <repositoryProperties size='1'>
        <property name='artifact.folder' value='true'/>
      </repositoryProperties>
    </artifact>
    <artifact classifier='osgi.bundle' id='org.eclipse.equinox.simpleconfigurator' version='1.1.200.v20160504-1450'>
      <properties size='1'>
        <property name='download.size' value='44424'/>
      </properties>
    </artifact>
    <artifact classifier='osgi.bundle' id='org.wso2.carbon.siddhi.extensions.installer.core' version='3.0.69'>
      <properties size='1'>
        <property name='download.size' value='62195'/>
      </properties>
    </artifact>
    <artifact classifier='org.eclipse.update.feature' id='org.wso2.carbon.analytics.permissions' version='6.1.66'>
      <properties size='1'>
        <property name='download.size' value='13103'/>
      </properties>
      <repositoryProperties size='1'>
        <property name='artifact.folder' value='true'/>
      </repositoryProperties>
    </artifact>
    <artifact classifier='osgi.bundle' id='org.eclipse.equinox.launcher' version='1.3.200.v20160318-1642'>
      <properties size='1'>
        <property name='download.size' value='51690'/>
      </properties>
    </artifact>
    <artifact classifier='osgi.bundle' id='io.netty.common' version='4.1.86.Final'>
      <properties size='1'>
        <property name='download.size' value='654571'/>
      </properties>
    </artifact>
    <artifact classifier='osgi.bundle' id='org.wso2.carbon.cluster.coordinator.rdbms' version='2.1.9'>
      <properties size='1'>
        <property name='download.size' value='60569'/>
      </properties>
    </artifact>
    <artifact classifier='org.eclipse.update.feature' id='org.wso2.carbon.config' version='2.1.16'>
      <properties size='1'>
        <property name='download.size' value='9696'/>
      </properties>
      <repositoryProperties size='1'>
        <property name='artifact.folder' value='true'/>
      </repositoryProperties>
    </artifact>
  </artifacts>
</repository>
