<?xml version="1.0" encoding="UTF-8" standalone="no"?>
<feature id="org.wso2.carbon.streaming.integrator.statistics" label="WSO2 Streaming Integrator - Statistics Feature" provider-name="%providerName" version="3.0.69">
  <description>This feature contains the bundles related to Streaming Integrator Core</description>
  <copyright>%copyright</copyright>
  <license url="%licenseURL">%license</license>
  <plugin id="org.wso2.carbon.streaming.integrator.statistics" unpack="false" version="3.0.69"/>
  <plugin id="okio" unpack="false" version="1.13.0.wso2v1"/>
  <plugin id="jaxen" unpack="false" version="1.1.6"/>
  <plugin id="okhttp" unpack="false" version="3.8.0.wso2v2"/>
  <plugin id="com.google.gson" unpack="false" version="2.9.1"/>
  <require/>
</feature>
